step,lr
1,1.2195121951219513e-05
2,1.8292682926829268e-05
3,2.4390243902439026e-05
4,3.048780487804878e-05
5,3.6585365853658535e-05
6,4.26829268292683e-05
7,4.878048780487805e-05
8,5.4878048780487806e-05
9,6.097560975609756e-05
10,6.707317073170732e-05
11,7.317073170731707e-05
12,7.926829268292683e-05
13,8.53658536585366e-05
14,9.146341463414634e-05
15,9.75609756097561e-05
16,0.00010365853658536585
17,0.00010975609756097561
18,0.00011585365853658537
19,0.00012195121951219512
20,0.00012804878048780488
21,0.00013414634146341464
22,0.0001402439024390244
23,0.00014634146341463414
24,0.0001524390243902439
25,0.00015853658536585366
26,0.00016463414634146343
27,0.0001707317073170732
28,0.00017682926829268292
29,0.00018292682926829268
30,0.00018902439024390244
31,0.0001951219512195122
32,0.00020121951219512197
33,0.0002073170731707317
34,0.00021341463414634146
35,0.00021951219512195122
36,0.00022560975609756099
37,0.00023170731707317075
38,0.00023780487804878048
39,0.00024390243902439024
40,0.00025
41,0.00025609756097560977
42,0.00026219512195121953
43,0.0002682926829268293
44,0.00027439024390243905
45,0.0002804878048780488
46,0.0002865853658536585
47,0.0002926829268292683
48,0.00029878048780487804
49,0.0003048780487804878
50,0.00031097560975609757
51,0.00031707317073170733
52,0.0003231707317073171
53,0.00032926829268292685
54,0.0003353658536585366
55,0.0003414634146341464
56,0.0003475609756097561
57,0.00035365853658536584
58,0.0003597560975609756
59,0.00036585365853658537
60,0.0003719512195121951
61,0.0003780487804878049
62,0.00038414634146341465
63,0.0003902439024390244
64,0.0003963414634146342
65,0.00040243902439024393
66,0.00040853658536585364
67,0.0004146341463414634
68,0.00042073170731707316
69,0.0004268292682926829
70,0.0004329268292682927
71,0.00043902439024390245
72,0.0004451219512195122
73,0.00045121951219512197
74,0.00045731707317073173
75,0.0004634146341463415
76,0.0004695121951219512
77,0.00047560975609756096
78,0.0004817073170731707
79,0.0004878048780487805
80,0.0004939024390243902
81,0.0005
82,0.0005060975609756098
83,0.0005121951219512195
84,0.0005182926829268293
85,0.0005243902439024391
86,0.0005304878048780488
87,0.0005365853658536586
88,0.0005426829268292683
89,0.0005487804878048781
90,0.0005548780487804879
91,0.0005609756097560976
92,0.0005670731707317073
93,0.000573170731707317
94,0.0005792682926829268
95,0.0005853658536585366
96,0.0005914634146341463
97,0.0005975609756097561
98,0.0006036585365853658
99,0.0006097560975609756
100,0.0006158536585365854
101,0.0006219512195121951
102,0.0006280487804878049
103,0.0006341463414634147
104,0.0006402439024390244
105,0.0006463414634146342
106,0.0006524390243902439
107,0.0006585365853658537
108,0.0006646341463414635
109,0.0006707317073170732
110,0.000676829268292683
111,0.0006829268292682927
112,0.0006890243902439024
113,0.0006951219512195122
114,0.0007012195121951219
115,0.0007073170731707317
116,0.0007134146341463414
117,0.0007195121951219512
118,0.000725609756097561
119,0.0007317073170731707
120,0.0007378048780487805
121,0.0007439024390243903
122,0.00075
123,0.0007560975609756098
124,0.0007621951219512195
125,0.0007682926829268293
126,0.0007743902439024391
127,0.0007804878048780488
128,0.0007865853658536586
129,0.0007926829268292683
130,0.0007987804878048781
131,0.0008048780487804879
132,0.0008109756097560976
133,0.0008170731707317073
134,0.000823170731707317
135,0.0008292682926829268
136,0.0008353658536585366
137,0.0008414634146341463
138,0.0008475609756097561
139,0.0008536585365853659
140,0.0008597560975609756
141,0.0008658536585365854
142,0.0008719512195121951
143,0.0008780487804878049
144,0.0008841463414634147
145,0.0008902439024390244
146,0.0008963414634146342
147,0.0009024390243902439
148,0.0009085365853658537
149,0.0009146341463414635
150,0.0009207317073170732
151,0.000926829268292683
152,0.0009329268292682928
153,0.0009390243902439024
154,0.0009451219512195122
155,0.0009512195121951219
156,0.0009573170731707317
157,0.0009634146341463415
158,0.0009695121951219512
159,0.000975609756097561
160,0.0009817073170731707
161,0.0009878048780487805
162,0.0009939024390243903
163,0.001
164,0.001
165,0.0009999988674252499
166,0.0009999954697061306
167,0.0009999898068580346
168,0.0009999818789066164
169,0.0009999716858877918
170,0.0009999592278477386
171,0.0009999445048428951
172,0.0009999275169399614
173,0.0009999082642158973
174,0.0009998867467579233
175,0.0009998629646635203
176,0.0009998369180404282
177,0.000999808607006646
178,0.000999778031690431
179,0.0009997451922302985
180,0.0009997100887750214
181,0.0009996727214836285
182,0.0009996330905254049
183,0.0009995911960798908
184,0.0009995470383368807
185,0.000999500617496422
186,0.0009994519337688153
187,0.000999400987374612
188,0.000999347778544615
189,0.000999292307519876
190,0.0009992345745516954
191,0.0009991745799016205
192,0.0009991123238414455
193,0.0009990478066532087
194,0.0009989810286291922
195,0.0009989119900719206
196,0.000998840691294159
197,0.0009987671326189122
198,0.0009986913143794232
199,0.000998613236919171
200,0.0009985329005918703
201,0.0009984503057614681
202,0.0009983654528021443
203,0.0009982783420983074
204,0.0009981889740445957
205,0.0009980973490458728
206,0.0009980034675172273
207,0.000997907329883971
208,0.0009978089365816356
209,0.0009977082880559724
210,0.0009976053847629495
211,0.0009975002271687494
212,0.0009973928157497674
213,0.0009972831509926095
214,0.0009971712333940895
215,0.0009970570634612282
216,0.0009969406417112488
217,0.0009968219686715771
218,0.0009967010448798375
219,0.0009965778708838507
220,0.0009964524472416319
221,0.0009963247745213876
222,0.0009961948533015134
223,0.0009960626841705913
224,0.0009959282677273868
225,0.000995791604580847
226,0.0009956526953500964
227,0.0009955115406644357
228,0.0009953681411633375
229,0.0009952224974964445
230,0.0009950746103235663
231,0.0009949244803146757
232,0.0009947721081499067
233,0.0009946174945195507
234,0.0009944606401240538
235,0.0009943015456740133
236,0.0009941402118901744
237,0.0009939766395034274
238,0.0009938108292548043
239,0.000993642781895475
240,0.0009934724981867447
241,0.000993299978900049
242,0.0009931252248169518
243,0.0009929482367291415
244,0.0009927690154384271
245,0.000992587561756735
246,0.000992403876506104
247,0.0009922179605186836
248,0.0009920298146367287
249,0.0009918394397125962
250,0.0009916468366087416
251,0.0009914520061977147
252,0.0009912549493621555
253,0.0009910556669947901
254,0.0009908541599984275
255,0.0009906504292859545
256,0.000990444475780332
257,0.0009902363004145914
258,0.000990025904131829
259,0.0009898132878852026
260,0.000989598452637928
261,0.000989381399363273
262,0.0009891621290445533
263,0.0009889406426751297
264,0.000988716941258401
265,0.000988491025807802
266,0.0009882628973467973
267,0.0009880325569088765
268,0.0009878000055375512
269,0.0009875652442863482
270,0.0009873282742188065
271,0.0009870890964084713
272,0.0009868477119388895
273,0.0009866041219036051
274,0.0009863583274061533
275,0.0009861103295600573
276,0.0009858601294888212
277,0.0009856077283259262
278,0.0009853531272148248
279,0.0009850963273089364
280,0.0009848373297716413
281,0.0009845761357762759
282,0.000984312746506127
283,0.0009840471631544266
284,0.0009837793869243467
285,0.0009835094190289943
286,0.0009832372606914037
287,0.0009829629131445341
288,0.000982686377631262
289,0.0009824076554043758
290,0.0009821267477265706
291,0.000981843655870442
292,0.0009815583811184807
293,0.0009812709247630671
294,0.000980981288106464
295,0.000980689472460812
296,0.000980395479148124
297,0.0009800993095002767
298,0.0009798009648590072
299,0.0009795004465759066
300,0.000979197756012412
301,0.0009788928945398023
302,0.0009785858635391912
303,0.0009782766644015211
304,0.0009779652985275563
305,0.0009776517673278772
306,0.000977336072222874
307,0.0009770182146427403
308,0.0009766981960274653
309,0.0009763760178268295
310,0.0009760516815003964
311,0.0009757251885175063
312,0.0009753965403572702
313,0.0009750657385085626
314,0.0009747327844700146
315,0.0009743976797500079
316,0.0009740604258666668
317,0.0009737210243478522
318,0.0009733794767311545
319,0.0009730357845638866
320,0.0009726899494030768
321,0.0009723419728154617
322,0.0009719918563774792
323,0.0009716396016752615
324,0.000971285210304628
325,0.0009709286838710773
326,0.0009705700239897808
327,0.000970209232285575
328,0.0009698463103929542
329,0.0009694812599560632
330,0.0009691140826286892
331,0.000968744780074256
332,0.0009683733539658139
333,0.0009679998059860346
334,0.0009676241378272022
335,0.0009672463511912055
336,0.0009668664477895311
337,0.0009664844293432549
338,0.0009661002975830348
339,0.0009657140542491025
340,0.0009653257010912559
341,0.0009649352398688506
342,0.0009645426723507929
343,0.0009641480003155311
344,0.0009637512255510475
345,0.0009633523498548501
346,0.0009629513750339654
347,0.0009625483029049294
348,0.0009621431352937788
349,0.0009617358740360444
350,0.0009613265209767417
351,0.000960915077970362
352,0.0009605015468808651
353,0.0009600859295816708
354,0.0009596682279556498
355,0.000959248443895115
356,0.0009588265793018141
357,0.0009584026360869194
358,0.0009579766161710208
359,0.0009575485214841158
360,0.000957118353965601
361,0.0009566861155642645
362,0.000956251808238275
363,0.0009558154339551748
364,0.0009553769946918697
365,0.0009549364924346208
366,0.0009544939291790351
367,0.0009540493069300562
368,0.0009536026277019561
369,0.0009531538935183251
370,0.0009527031064120631
371,0.0009522502684253709
372,0.0009517953816097395
373,0.0009513384480259427
374,0.0009508794697440258
375,0.0009504184488432979
376,0.0009499553874123212
377,0.000949490287548903
378,0.0009490231513600842
379,0.0009485539809621318
380,0.0009480827784805278
381,0.0009476095460499603
382,0.0009471342858143139
383,0.0009466569999266593
384,0.0009461776905492445
385,0.0009456963598534841
386,0.0009452130100199503
387,0.0009447276432383622
388,0.0009442402617075765
389,0.0009437508676355772
390,0.000943259463239466
391,0.0009427660507454514
392,0.0009422706323888397
393,0.0009417732104140242
394,0.0009412737870744752
395,0.0009407723646327297
396,0.0009402689453603814
397,0.0009397635315380699
398,0.0009392561254554713
399,0.0009387467294112863
400,0.0009382353457132319
401,0.0009377219766780287
402,0.0009372066246313922
403,0.0009366892919080212
404,0.0009361699808515876
405,0.0009356486938147255
406,0.0009351254331590215
407,0.0009346002012550025
408,0.0009340730004821265
409,0.0009335438332287701
410,0.0009330127018922195
411,0.0009324796088786582
412,0.000931944556603157
413,0.0009314075474896631
414,0.0009308685839709878
415,0.0009303276684887973
416,0.0009297848034936007
417,0.0009292399914447382
418,0.0009286932348103715
419,0.0009281445360674717
420,0.0009275938977018082
421,0.0009270413222079373
422,0.0009264868120891912
423,0.0009259303698576668
424,0.0009253719980342135
425,0.0009248116991484227
426,0.000924249475738616
427,0.0009236853303518333
428,0.0009231192655438221
429,0.0009225512838790251
430,0.0009219813879305692
431,0.0009214095802802533
432,0.0009208358635185372
433,0.0009202602402445292
434,0.0009196827130659751
435,0.0009191032845992453
436,0.0009185219574693243
437,0.0009179387343097978
438,0.0009173536177628409
439,0.0009167666104792067
440,0.0009161777151182136
441,0.0009155869343477339
442,0.0009149942708441808
443,0.0009143997272924974
444,0.0009138033063861435
445,0.0009132050108270844
446,0.0009126048433257778
447,0.000912002806601162
448,0.0009113989033806433
449,0.0009107931364000838
450,0.0009101855084037893
451,0.0009095760221444959
452,0.0009089646803833589
453,0.0009083514858899391
454,0.0009077364414421909
455,0.0009071195498264497
456,0.0009065008138374189
457,0.0009058802362781575
458,0.0009052578199600674
459,0.0009046335677028805
460,0.0009040074823346465
461,0.0009033795666917191
462,0.000902749823618744
463,0.0009021182559686454
464,0.0009014848666026138
465,0.0009008496583900923
466,0.0009002126342087642
467,0.0008995737969445394
468,0.0008989331494915417
469,0.0008982906947520956
470,0.0008976464356367133
471,0.0008970003750640809
472,0.0008963525159610463
473,0.000895702861262605
474,0.0008950514139118869
475,0.000894398176860143
476,0.0008937431530667328
477,0.00089308634549911
478,0.000892427757132809
479,0.0008917673909514322
480,0.0008911052499466355
481,0.0008904413371181163
482,0.0008897756554735976
483,0.0008891082080288166
484,0.0008884389978075098
485,0.0008877680278413996
486,0.0008870953011701803
487,0.000886420820841505
488,0.0008857445899109715
489,0.0008850666114421078
490,0.0008843868885063593
491,0.000883705424183074
492,0.000883022221559489
493,0.0008823372837307166
494,0.00088165061379973
495,0.0008809622148773491
496,0.0008802720900822269
497,0.0008795802425408352
498,0.0008788866753874502
499,0.0008781913917641384
500,0.0008774943948207425
501,0.0008767956877148671
502,0.0008760952736118644
503,0.0008753931556848194
504,0.0008746893371145366
505,0.0008739838210895243
506,0.0008732766108059813
507,0.0008725677094677815
508,0.0008718571202864598
509,0.000871144846481198
510,0.000870430891278809
511,0.0008697152579137234
512,0.0008689979496279746
513,0.0008682789696711835
514,0.0008675583213005443
515,0.0008668360077808093
516,0.0008661120323842751
517,0.0008653863983907664
518,0.0008646591090876224
519,0.0008639301677696811
520,0.0008631995777392645
521,0.000862467342306164
522,0.0008617334647876249
523,0.000860997948508332
524,0.0008602607968003935
525,0.0008595220130033276
526,0.0008587816004640455
527,0.0008580395625368375
528,0.0008572959025833573
529,0.0008565506239726067
530,0.0008558037300809207
531,0.0008550552242919522
532,0.0008543051099966557
533,0.0008535533905932737
534,0.0008528000694873198
535,0.0008520451500915636
536,0.000851288635826016
537,0.0008505305301179126
538,0.0008497708364016989
539,0.0008490095581190149
540,0.0008482466987186785
541,0.000847482261656671
542,0.0008467162503961209
543,0.0008459486684072882
544,0.0008451795191675487
545,0.0008444088061613788
546,0.0008436365328803385
547,0.0008428627028230569
548,0.0008420873194952153
549,0.0008413103864095321
550,0.0008405319070857466
551,0.0008397518850506028
552,0.0008389703238378339
553,0.0008381872269881456
554,0.0008374025980492011
555,0.0008366164405756039
556,0.0008358287581288823
557,0.0008350395542774736
558,0.0008342488325967069
559,0.0008334565966687882
560,0.0008326628500827827
561,0.0008318675964346001
562,0.0008310708393269772
563,0.0008302725823694617
564,0.0008294728291783967
565,0.0008286715833769028
566,0.0008278688485948634
567,0.0008270646284689068
568,0.0008262589266423908
569,0.0008254517467653856
570,0.0008246430924946575
571,0.0008238329674936517
572,0.0008230213754324773
573,0.0008222083199878885
574,0.0008213938048432696
575,0.0008205778336886182
576,0.000819760410220527
577,0.0008189415381421692
578,0.00081812122116328
579,0.0008172994630001405
580,0.0008164762673755609
581,0.0008156516380188636
582,0.000814825578665866
583,0.0008139980930588642
584,0.0008131691849466153
585,0.0008123388580843208
586,0.0008115071162336098
587,0.0008106739631625217
588,0.0008098394026454885
589,0.0008090034384633193
590,0.0008081660744031818
591,0.0008073273142585856
592,0.0008064871618293645
593,0.0008056456209216608
594,0.0008048026953479062
595,0.0008039583889268054
596,0.000803112705483319
597,0.0008022656488486461
598,0.0008014172228602063
599,0.0008005674313616231
600,0.0007997162782027061
601,0.0007988637672394336
602,0.0007980099023339349
603,0.0007971546873544737
604,0.0007962981261754295
605,0.0007954402226772804
606,0.0007945809807465856
607,0.0007937204042759684
608,0.0007928584971640973
609,0.0007919952633156694
610,0.0007911307066413919
611,0.000790264831057965
612,0.0007893976404880641
613,0.000788529138860322
614,0.0007876593301093103
615,0.0007867882181755231
616,0.0007859158070053577
617,0.0007850421005510977
618,0.0007841671027708944
619,0.0007832908176287496
620,0.0007824132490944967
621,0.000781534401143784
622,0.0007806542777580549
623,0.0007797728829245321
624,0.0007788902206361973
625,0.0007780062948917748
626,0.0007771211096957124
627,0.0007762346690581637
628,0.0007753469769949701
629,0.0007744580375276417
630,0.0007735678546833402
631,0.0007726764324948602
632,0.0007717837750006106
633,0.0007708898862445968
634,0.0007699947702764021
635,0.0007690984311511695
636,0.0007682008729295832
637,0.0007673020996778506
638,0.0007664021154676828
639,0.0007655009243762778
640,0.0007645985304863003
641,0.0007636949378858647
642,0.0007627901506685156
643,0.0007618841729332095
644,0.0007609770087842969
645,0.0007600686623315018
646,0.000759159137689906
647,0.0007582484389799278
648,0.0007573365703273045
649,0.000756423535863074
650,0.0007555093397235552
651,0.0007545939860503302
652,0.0007536774789902246
653,0.0007527598226952894
654,0.0007518410213227822
655,0.000750921079035148
656,0.00075
657,0.0007490777883901021
658,0.0007481544483833485
659,0.000747229984162745
660,0.0007463043999163918
661,0.0007453776998374617
662,0.0007444498881241835
663,0.0007435209689798213
664,0.0007425909466126568
665,0.0007416598252359694
666,0.0007407276090680173
667,0.0007397943023320185
668,0.0007388599092561315
669,0.0007379244340734363
670,0.0007369878810219154
671,0.0007360502543444339
672,0.0007351115582887211
673,0.0007341717971073508
674,0.0007332309750577221
675,0.0007322890964020403
676,0.0007313461654072974
677,0.0007304021863452525
678,0.000729457163492413
679,0.0007285111011300153
680,0.0007275640035440044
681,0.0007266158750250158
682,0.0007256667198683551
683,0.000724716542373979
684,0.0007237653468464755
685,0.0007228131375950449
686,0.0007218599189334799
687,0.0007209056951801459
688,0.0007199504706579617
689,0.0007189942496943802
690,0.0007180370366213683
691,0.0007170788357753873
692,0.0007161196514973735
693,0.0007151594881327186
694,0.0007141983500312497
695,0.0007132362415472099
696,0.000712273167039238
697,0.0007113091308703497
698,0.000710344137407917
699,0.000709378191023649
700,0.0007084112960935716
701,0.0007074434569980075
702,0.0007064746781215577
703,0.00070550496385308
704,0.00070453431858567
705,0.0007035627467166409
706,0.0007025902526475038
707,0.0007016168407839478
708,0.0007006425155358195
709,0.0006996672813171036
710,0.0006986911425459027
711,0.0006977141036444174
712,0.0006967361690389258
713,0.0006957573431597646
714,0.0006947776304413072
715,0.0006937970353219453
716,0.000692815562244068
717,0.0006918332156540417
718,0.0006908500000021904
719,0.0006898659197427748
720,0.0006888809793339729
721,0.000687895183237859
722,0.0006869085359203844
723,0.0006859210418513564
724,0.0006849327055044182
725,0.0006839435313570292
726,0.000682953523890444
727,0.0006819626875896924
728,0.000680971026943559
729,0.0006799785464445632
730,0.0006789852505889384
731,0.0006779911438766117
732,0.0006769962308111839
733,0.0006760005158999085
734,0.0006750040036536718
735,0.0006740066985869723
736,0.0006730086052179003
737,0.000672009728068117
738,0.0006710100716628344
739,0.0006700096405307951
740,0.0006690084392042513
741,0.0006680064722189445
742,0.0006670037441140844
743,0.0006660002594323294
744,0.0006649960227197648
745,0.0006639910385258834
746,0.0006629853114035642
747,0.0006619788459090517
748,0.0006609716466019355
749,0.0006599637180451295
750,0.0006589550648048517
751,0.0006579456914506026
752,0.0006569356025551454
753,0.0006559248026944849
754,0.0006549132964478464
755,0.0006539010883976562
756,0.0006528881831295188
757,0.0006518745852321984
758,0.0006508602992975963
759,0.0006498453299207308
760,0.0006488296816997174
761,0.0006478133592357454
762,0.0006467963671330601
763,0.0006457787099989392
764,0.0006447603924436743
765,0.0006437414190805481
766,0.000642721794525815
767,0.0006417015233986786
768,0.0006406806103212725
769,0.0006396590599186381
770,0.000638636876818704
771,0.0006376140656522655
772,0.000636590631052963
773,0.0006355665776572611
774,0.0006345419101044281
775,0.000633516633036514
776,0.000632490751098331
777,0.0006314642689374304
778,0.0006304371912040839
779,0.0006294095225512603
780,0.0006283812676346063
781,0.0006273524311124237
782,0.0006263230176456497
783,0.0006252930318978352
784,0.0006242624785351235
785,0.0006232313622262297
786,0.0006221996876424185
787,0.0006211674594574847
788,0.0006201346823477303
789,0.0006191013609919447
790,0.0006180675000713824
791,0.0006170331042697425
792,0.0006159981782731474
793,0.0006149627267701212
794,0.0006139267544515689
795,0.0006128902660107546
796,0.0006118532661432812
797,0.0006108157595470679
798,0.0006097777509223299
799,0.0006087392449715568
800,0.0006077002463994907
801,0.0006066607599131062
802,0.0006056207902215873
803,0.0006045803420363084
804,0.0006035394200708104
805,0.0006024980290407812
806,0.0006014561736640333
807,0.0006004138586604835
808,0.0005993710887521302
809,0.0005983278686630327
810,0.0005972842031192901
811,0.0005962400968490194
812,0.0005951955545823342
813,0.0005941505810513233
814,0.000593105180990029
815,0.0005920593591344263
816,0.0005910131202224011
817,0.0005899664689937283
818,0.0005889194101900509
819,0.0005878719485548585
820,0.0005868240888334653
821,0.0005857758357729892
822,0.0005847271941223301
823,0.0005836781686321482
824,0.0005826287640548425
825,0.0005815789851445296
826,0.000580528836657022
827,0.0005794783233498062
828,0.0005784274499820213
829,0.0005773762213144383
830,0.0005763246421094373
831,0.0005752727171309864
832,0.0005742204511446203
833,0.0005731678489174185
834,0.000572114915217984
835,0.0005710616548164211
836,0.0005700080724843147
837,0.0005689541729947071
838,0.0005678999611220787
839,0.0005668454416423242
840,0.0005657906193327325
841,0.0005647354989719635
842,0.0005636800853400284
843,0.0005626243832182662
844,0.0005615683973893234
845,0.0005605121326371315
846,0.0005594555937468856
847,0.0005583987855050228
848,0.0005573417126992003
849,0.0005562843801182741
850,0.000555226792552277
851,0.0005541689547923966
852,0.0005531108716309548
853,0.0005520525478613838
854,0.0005509939882782077
855,0.0005499351976770174
856,0.0005488761808544509
857,0.0005478169426081711
858,0.0005467574877368441
859,0.0005456978210401172
860,0.0005446379473185972
861,0.0005435778713738292
862,0.0005425175980082739
863,0.0005414571320252869
864,0.0005403964782290963
865,0.0005393356414247805
866,0.0005382746264182479
867,0.0005372134380162133
868,0.0005361520810261779
869,0.0005350905602564057
870,0.0005340288805159035
871,0.0005329670466143981
872,0.0005319050633623141
873,0.0005308429355707538
874,0.0005297806680514731
875,0.0005287182656168618
876,0.0005276557330799204
877,0.0005265930752542389
878,0.0005255302969539753
879,0.000524467402993833
880,0.0005234043981890394
881,0.000522341287355324
882,0.0005212780753088968
883,0.0005202147668664263
884,0.0005191513668450177
885,0.0005180878800621911
886,0.0005170243113358594
887,0.0005159606654843072
888,0.000514896947326168
889,0.0005138331616804034
890,0.00051276931336628
891,0.0005117054072033492
892,0.0005106414480114238
893,0.0005095774406105571
894,0.0005085133898210208
895,0.0005074493004632829
896,0.000506385177357987
897,0.0005053210253259282
898,0.0005042568491880338
899,0.0005031926537653397
900,0.0005021284438789694
901,0.0005010642243501119
902,0.0005
903,0.0004989357756498882
904,0.0004978715561210307
905,0.0004968073462346605
906,0.0004957431508119663
907,0.0004946789746740719
908,0.0004936148226420133
909,0.000492550699536717
910,0.0004914866101789792
911,0.000490422559389443
912,0.0004893585519885763
913,0.000488294592796651
914,0.00048723068663372005
915,0.00048616683831959674
916,0.0004851030526738321
917,0.000484039334515693
918,0.0004829756886641407
919,0.000481912119937809
920,0.00048084863315498236
921,0.0004797852331335738
922,0.0004787219246911034
923,0.00047765871264467607
924,0.00047659560181096067
925,0.0004755325970061671
926,0.00047446970304602476
927,0.0004734069247457613
928,0.0004723442669200798
929,0.0004712817343831384
930,0.00047021933194852706
931,0.00046915706442924644
932,0.00046809493663768577
933,0.000467032953385602
934,0.0004659711194840964
935,0.0004649094397435944
936,0.00046384791897382237
937,0.0004627865619837867
938,0.00046172537358175214
939,0.0004606643585752195
940,0.00045960352177090393
941,0.00045854286797471325
942,0.00045748240199172614
943,0.00045642212862617086
944,0.0004553620526814029
945,0.000454302178959883
946,0.0004532425122631559
947,0.0004521830573918289
948,0.00045112381914554913
949,0.00045006480232298276
950,0.00044900601172179243
951,0.00044794745213861607
952,0.0004468891283690454
953,0.00044583104520760344
954,0.00044477320744772326
955,0.00044371561988172615
956,0.0004426582873007998
957,0.0004416012144949773
958,0.0004405444062531145
959,0.0004394878673628686
960,0.0004384316026106765
961,0.00043737561678173375
962,0.0004363199146599717
963,0.00043526450102803654
964,0.0004342093806672678
965,0.00043315455835767574
966,0.0004321000388779214
967,0.00043104582700529293
968,0.00042999192751568563
969,0.00042893834518357884
970,0.000427885084782016
971,0.00042683215108258143
972,0.00042577954885537986
973,0.0004247272828690138
974,0.0004236753578905627
975,0.00042262377868556173
976,0.00042157255001797875
977,0.00042052167665019403
978,0.0004194711633429782
979,0.00041842101485547035
980,0.0004173712359451576
981,0.00041632183136785194
982,0.0004152728058776701
983,0.0004142241642270108
984,0.00041317591116653486
985,0.00041212805144514165
986,0.00041108058980994923
987,0.0004100335310062719
988,0.00040898687977759893
989,0.0004079406408655737
990,0.00040689481900997105
991,0.00040584941894867687
992,0.00040480444541766573
993,0.00040375990315098055
994,0.00040271579688070996
995,0.00040167213133696734
996,0.00040062891124787
997,0.00039958614133951643
998,0.0003985438263359666
999,0.00039750197095921887
1000,0.0003964605799291897
1001,0.00039541965796369177
1002,0.00039437920977841256
1003,0.00039333924008689403
1004,0.00039229975360050934
1005,0.0003912607550284434
1006,0.00039022224907767
1007,0.0003891842404529321
1008,0.00038814673385671896
1009,0.0003871097339892454
1010,0.0003860732455484313
1011,0.0003850372732298788
1012,0.00038400182172685266
1013,0.00038296689573025754
1014,0.0003819324999286177
1015,0.0003808986390080554
1016,0.0003798653176522696
1017,0.0003788325405425154
1018,0.0003778003123575815
1019,0.0003767686377737705
1020,0.0003757375214648764
1021,0.0003747069681021648
1022,0.00037367698235435035
1023,0.0003726475688875764
1024,0.0003716187323653939
1025,0.0003705904774487396
1026,0.0003695628087959162
1027,0.00036853573106256966
1028,0.00036750924890166926
1029,0.00036648336696348593
1030,0.00036545808989557203
1031,0.000364433422342739
1032,0.0003634093689470371
1033,0.0003623859343477346
1034,0.000361363123181296
1035,0.0003603409400813621
1036,0.0003593193896787277
1037,0.00035829847660132146
1038,0.00035727820547418524
1039,0.00035625858091945173
1040,0.0003552396075563257
1041,0.00035422129000106087
1042,0.00035320363286694013
1043,0.00035218664076425453
1044,0.0003511703183002827
1045,0.0003501546700792692
1046,0.00034913970070240386
1047,0.0003481254147678018
1048,0.0003471118168704811
1049,0.0003460989116023439
1050,0.00034508670355215353
1051,0.0003440751973055152
1052,0.0003430643974448545
1053,0.00034205430854939746
1054,0.00034104493519514846
1055,0.0003400362819548706
1056,0.00033902835339806467
1057,0.00033802115409094826
1058,0.0003370146885964358
1059,0.00033600896147411663
1060,0.00033500397728023537
1061,0.0003339997405676709
1062,0.00033299625588591565
1063,0.0003319935277810556
1064,0.0003309915607957487
1065,0.0003299903594692049
1066,0.0003289899283371657
1067,0.0003279902719318831
1068,0.0003269913947820998
1069,0.00032599330141302774
1070,0.00032499599634632826
1071,0.0003239994841000915
1072,0.00032300376918881625
1073,0.0003220088561233884
1074,0.0003210147494110618
1075,0.00032002145355543684
1076,0.000319028973056441
1077,0.00031803731241030777
1078,0.00031704647610955616
1079,0.0003160564686429709
1080,0.0003150672944955818
1081,0.0003140789581486436
1082,0.00031309146407961565
1083,0.0003121048167621411
1084,0.00031111902066602727
1085,0.0003101340802572251
1086,0.0003091499999978097
1087,0.0003081667843459584
1088,0.0003071844377559323
1089,0.0003062029646780549
1090,0.0003052223695586929
1091,0.00030424265684023555
1092,0.0003032638309610742
1093,0.0003022858963555828
1094,0.00030130885745409744
1095,0.00030033271868289645
1096,0.0002993574844641807
1097,0.00029838315921605234
1098,0.00029740974735249624
1099,0.00029643725328335906
1100,0.00029546568141433004
1101,0.00029449503614692007
1102,0.0002935253218784425
1103,0.0002925565430019925
1104,0.00029158870390642866
1105,0.00029062180897635115
1106,0.00028965586259208293
1107,0.0002886908691296504
1108,0.00028772683296076197
1109,0.00028676375845279015
1110,0.0002858016499687503
1111,0.0002848405118672815
1112,0.00028388034850262647
1113,0.0002829211642246128
1114,0.0002819629633786319
1115,0.0002810057503056198
1116,0.00028004952934203834
1117,0.0002790943048198541
1118,0.0002781400810665201
1119,0.00027718686240495513
1120,0.0002762346531535246
1121,0.00027528345762602125
1122,0.0002743332801316449
1123,0.00027338412497498435
1124,0.00027243599645599575
1125,0.0002714888988699848
1126,0.0002705428365075868
1127,0.0002695978136547476
1128,0.00026865383459270266
1129,0.0002677109035979597
1130,0.00026676902494227793
1131,0.0002658282028926492
1132,0.000264888441711279
1133,0.0002639497456555663
1134,0.0002630121189780846
1135,0.00026207556592656355
1136,0.00026114009074386846
1137,0.0002602056976679815
1138,0.00025927239093198276
1139,0.0002583401747640307
1140,0.0002574090533873431
1141,0.0002564790310201787
1142,0.00025555011187581667
1143,0.0002546223001625382
1144,0.00025369560008360825
1145,0.0002527700158372548
1146,0.00025184555161665166
1147,0.00025092221160989806
1148,0.0002500000000000001
1149,0.0002490789209648521
1150,0.00024815897867721783
1151,0.0002472401773047107
1152,0.0002463225210097756
1153,0.0002454060139496699
1154,0.0002444906602764447
1155,0.00024357646413692604
1156,0.0002426634296726955
1157,0.00024175156102007234
1158,0.00024084086231009394
1159,0.00023993133766849812
1160,0.00023902299121570332
1161,0.00023811582706679052
1162,0.00023720984933148443
1163,0.0002363050621141354
1164,0.00023540146951369967
1165,0.0002344990756237223
1166,0.00023359788453231723
1167,0.00023269790032214954
1168,0.00023179912707041667
1169,0.00023090156884883052
1170,0.000230005229723598
1171,0.0002291101137554034
1172,0.00022821622499938948
1173,0.00022732356750513978
1174,0.0002264321453166598
1175,0.00022554196247235843
1176,0.0002246530230050301
1177,0.00022376533094183626
1178,0.0002228788903042877
1179,0.00022199370510822536
1180,0.0002211097793638029
1181,0.000220227117075468
1182,0.00021934572224194498
1183,0.0002184655988562161
1184,0.00021758675090550328
1185,0.0002167091823712506
1186,0.0002158328972291056
1187,0.00021495789944890237
1188,0.00021408419299464237
1189,0.00021321178182447708
1190,0.00021234066989068973
1191,0.00021147086113967818
1192,0.0002106023595119358
1193,0.00020973516894203504
1194,0.00020886929335860827
1195,0.00020800473668433056
1196,0.0002071415028359026
1197,0.00020627959572403154
1198,0.00020541901925341443
1199,0.0002045597773227199
1200,0.00020370187382457068
1201,0.00020284531264552625
1202,0.00020199009766606508
1203,0.00020113623276056658
1204,0.00020028372179729405
1205,0.00019943256863837687
1206,0.00019858277713979372
1207,0.000197734351151354
1208,0.00019688729451668114
1209,0.00019604161107319475
1210,0.00019519730465209384
1211,0.00019435437907833918
1212,0.00019351283817063542
1213,0.00019267268574141457
1214,0.0001918339255968181
1215,0.00019099656153668065
1216,0.00019016059735451157
1217,0.00018932603683747857
1218,0.00018849288376639019
1219,0.00018766114191567923
1220,0.00018683081505338467
1221,0.00018600190694113578
1222,0.00018517442133413403
1223,0.00018434836198113642
1224,0.00018352373262443917
1225,0.00018270053699985967
1226,0.00018187877883672022
1227,0.00018105846185783098
1228,0.00018023958977947301
1229,0.00017942216631138187
1230,0.0001786061951567303
1231,0.00017779168001211165
1232,0.00017697862456752273
1233,0.00017616703250634825
1234,0.00017535690750534268
1235,0.0001745482532346145
1236,0.00017374107335760936
1237,0.00017293537153109328
1238,0.0001721311514051368
1239,0.00017132841662309724
1240,0.0001705271708216034
1241,0.00016972741763053828
1242,0.00016892916067302277
1243,0.00016813240356539988
1244,0.00016733714991721738
1245,0.0001665434033312121
1246,0.00016575116740329316
1247,0.00016496044572252662
1248,0.0001641712418711177
1249,0.00016338355942439626
1250,0.00016259740195079904
1251,0.00016181277301185432
1252,0.00016102967616216614
1253,0.00016024811494939724
1254,0.0001594680929142535
1255,0.0001586896135904679
1256,0.00015791268050478486
1257,0.00015713729717694314
1258,0.00015636346711966155
1259,0.0001555911938386213
1260,0.00015482048083245115
1261,0.00015405133159271183
1262,0.0001532837496038792
1263,0.0001525177383433291
1264,0.0001517533012813217
1265,0.00015099044188098522
1266,0.00015022916359830113
1267,0.00014946946988208742
1268,0.00014871136417398407
1269,0.00014795484990843627
1270,0.0001471999305126802
1271,0.00014644660940672628
1272,0.00014569489000334436
1273,0.00014494477570804805
1274,0.00014419626991907925
1275,0.0001434493760273934
1276,0.00014270409741664269
1277,0.0001419604374631625
1278,0.0001412183995359544
1279,0.00014047798699667242
1280,0.00013973920319960653
1281,0.0001390020514916683
1282,0.00013826653521237527
1283,0.00013753265769383605
1284,0.0001368004222607356
1285,0.000136069832230319
1286,0.00013534089091237755
1287,0.00013461360160923363
1288,0.00013388796761572492
1289,0.00013316399221919073
1290,0.0001324416786994559
1291,0.00013172103032881667
1292,0.0001310020503720254
1293,0.00013028474208627667
1294,0.0001295691087211912
1295,0.00012885515351880218
1296,0.00012814287971354028
1297,0.0001274322905322185
1298,0.00012672338919401865
1299,0.0001260161789104757
1300,0.0001253106628854635
1301,0.00012460684431518055
1302,0.00012390472638813572
1303,0.00012320431228513297
1304,0.00012250560517925745
1305,0.00012180860823586166
1306,0.00012111332461254976
1307,0.00012041975745916473
1308,0.00011972790991777305
1309,0.00011903778512265101
1310,0.0001183493862002702
1311,0.00011766271626928337
1312,0.00011697777844051105
1313,0.00011629457581692614
1314,0.00011561311149364073
1315,0.0001149333885578921
1316,0.00011425541008902851
1317,0.00011357917915849497
1318,0.00011290469882981985
1319,0.00011223197215860065
1320,0.00011156100219249022
1321,0.00011089179197118344
1322,0.0001102243445264025
1323,0.00010955866288188377
1324,0.00010889475005336446
1325,0.0001082326090485679
1326,0.00010757224286719109
1327,0.00010691365450089013
1328,0.00010625684693326726
1329,0.000105601823139857
1330,0.00010494858608811325
1331,0.00010429713873739505
1332,0.00010364748403895369
1333,0.00010299962493591902
1334,0.00010235356436328675
1335,0.0001017093052479044
1336,0.00010106685050845838
1337,0.00010042620305546069
1338,9.978736579123576e-05
1339,9.915034160990766e-05
1340,9.851513339738626e-05
1341,9.788174403135475e-05
1342,9.725017638125611e-05
1343,9.662043330828085e-05
1344,9.599251766535344e-05
1345,9.536643229711944e-05
1346,9.474218003993273e-05
1347,9.411976372184267e-05
1348,9.349918616258113e-05
1349,9.288045017355035e-05
1350,9.226355855780921e-05
1351,9.164851411006097e-05
1352,9.103531961664119e-05
1353,9.042397785550405e-05
1354,8.981449159621075e-05
1355,8.920686359991609e-05
1356,8.860109661935667e-05
1357,8.799719339883788e-05
1358,8.73951566742221e-05
1359,8.679498917291561e-05
1360,8.619669361385663e-05
1361,8.560027270750276e-05
1362,8.500572915581922e-05
1363,8.44130656522662e-05
1364,8.382228488178645e-05
1365,8.32333895207934e-05
1366,8.264638223715914e-05
1367,8.206126569020234e-05
1368,8.147804253067581e-05
1369,8.089671540075482e-05
1370,8.031728693402501e-05
1371,7.973975975547071e-05
1372,7.916413648146281e-05
1373,7.859041971974667e-05
1374,7.801861206943089e-05
1375,7.744871612097486e-05
1376,7.688073445617799e-05
1377,7.631466964816681e-05
1378,7.575052426138424e-05
1379,7.518830085157735e-05
1380,7.462800196578661e-05
1381,7.406963014233325e-05
1382,7.351318791080879e-05
1383,7.295867779206283e-05
1384,7.2406102298192e-05
1385,7.185546393252835e-05
1386,7.130676518962859e-05
1387,7.076000855526199e-05
1388,7.021519650639951e-05
1389,6.967233151120261e-05
1390,6.913141602901208e-05
1391,6.859245251033696e-05
1392,6.805544339684295e-05
1393,6.752039112134196e-05
1394,6.698729810778065e-05
1395,6.645616677123e-05
1396,6.592699951787368e-05
1397,6.539979874499746e-05
1398,6.487456684097848e-05
1399,6.435130618527452e-05
1400,6.383001914841253e-05
1401,6.331070809197887e-05
1402,6.279337536860785e-05
1403,6.227802332197124e-05
1404,6.17646542867682e-05
1405,6.125327058871371e-05
1406,6.07438745445289e-05
1407,6.023646846193015e-05
1408,5.973105463961864e-05
1409,5.922763536727022e-05
1410,5.8726212925524766e-05
1411,5.822678958597583e-05
1412,5.7729367611160265e-05
1413,5.723394925454867e-05
1414,5.674053676053415e-05
1415,5.624913236442286e-05
1416,5.575973829242364e-05
1417,5.527235676163783e-05
1418,5.478698998004966e-05
1419,5.4303640146515845e-05
1420,5.3822309450755555e-05
1421,5.334300007334064e-05
1422,5.2865714185686145e-05
1423,5.2390453950039666e-05
1424,5.191722151947226e-05
1425,5.1446019037868275e-05
1426,5.0976848639915754e-05
1427,5.050971245109709e-05
1428,5.004461258767873e-05
1429,4.9581551156702267e-05
1430,4.912053025597429e-05
1431,4.866155197405736e-05
1432,4.8204618390260414e-05
1433,4.77497315746292e-05
1434,4.729689358793693e-05
1435,4.684610648167503e-05
1436,4.639737229804403e-05
1437,4.5950693069943815e-05
1438,4.550607082096497e-05
1439,4.506350756537919e-05
1440,4.462300530813024e-05
1441,4.418456604482524e-05
1442,4.374819176172501e-05
1443,4.331388443573558e-05
1444,4.288164603439892e-05
1445,4.245147851588438e-05
1446,4.20233838289793e-05
1447,4.159736391308061e-05
1448,4.1173420698186025e-05
1449,4.075155610488496e-05
1450,4.0331772044350234e-05
1451,3.991407041832917e-05
1452,3.949845311913491e-05
1453,3.908492202963826e-05
1454,3.8673479023258465e-05
1455,3.8264125963955566e-05
1456,3.785686470622118e-05
1457,3.745169709507074e-05
1458,3.7048624966034505e-05
1459,3.6647650145149925e-05
1460,3.624877444895269e-05
1461,3.585199968446901e-05
1462,3.545732764920717e-05
1463,3.506476013114945e-05
1464,3.467429890874424e-05
1465,3.428594575089744e-05
1466,3.3899702416965164e-05
1467,3.35155706567451e-05
1468,3.3133552210468876e-05
1469,3.27536488087945e-05
1470,3.2375862172797864e-05
1471,3.200019401396542e-05
1472,3.162664603418608e-05
1473,3.125521992574409e-05
1474,3.0885917371310745e-05
1475,3.05187400439369e-05
1476,3.0153689607045842e-05
1477,2.979076771442496e-05
1478,2.9429976010219238e-05
1479,2.907131612892272e-05
1480,2.8714789695372055e-05
1481,2.8360398324738414e-05
1482,2.800814362252091e-05
1483,2.765802718453847e-05
1484,2.731005059692332e-05
1485,2.6964215436113493e-05
1486,2.662052326884551e-05
1487,2.6278975652147873e-05
1488,2.593957413333331e-05
1489,2.560232024999215e-05
1490,2.5267215529985342e-05
1491,2.4934261491437406e-05
1492,2.4603459642729864e-05
1493,2.427481148249383e-05
1494,2.394831849960377e-05
1495,2.3623982173170523e-05
1496,2.330180397253473e-05
1497,2.2981785357259866e-05
1498,2.2663927777125948e-05
1499,2.2348232672122936e-05
1500,2.203470147244385e-05
1501,2.1723335598478998e-05
1502,2.1414136460808807e-05
1503,2.1107105460197727e-05
1504,2.0802243987588066e-05
1505,2.0499553424093487e-05
1506,2.019903514099275e-05
1507,1.990069049972354e-05
1508,1.9604520851876197e-05
1509,1.9310527539187772e-05
1510,1.901871189353599e-05
1511,1.87290752369329e-05
1512,1.8441618881519185e-05
1513,1.8156344129558078e-05
1514,1.787325227342951e-05
1515,1.7592344595624198e-05
1516,1.7313622368738013e-05
1517,1.70370868554659e-05
1518,1.676273930859634e-05
1519,1.649058097100592e-05
1520,1.6220613075653202e-05
1521,1.595283684557347e-05
1522,1.5687253493873066e-05
1523,1.542386422372405e-05
1524,1.51626702283586e-05
1525,1.4903672691063574e-05
1526,1.464687278517518e-05
1527,1.4392271674073864e-05
1528,1.4139870511178766e-05
1529,1.3889670439942658e-05
1530,1.3641672593846632e-05
1531,1.3395878096395031e-05
1532,1.3152288061110518e-05
1533,1.291090359152869e-05
1534,1.2671725781193465e-05
1535,1.2434755713651769e-05
1536,1.2199994462448905e-05
1537,1.1967443091123519e-05
1538,1.1737102653202825e-05
1539,1.150897419219793e-05
1540,1.1283058741598962e-05
1541,1.1059357324870456e-05
1542,1.0837870955446639e-05
1543,1.0618600636727094e-05
1544,1.0401547362071938e-05
1545,1.0186712114797325e-05
1546,9.974095868171162e-06
1547,9.763699585408736e-06
1548,9.555524219667989e-06
1549,9.34957071404563e-06
1550,9.145840001572536e-06
1551,8.94433300520986e-06
1552,8.745050637844532e-06
1553,8.547993802285214e-06
1554,8.3531633912583e-06
1555,8.160560287403807e-06
1556,7.970185363271432e-06
1557,7.78203948131645e-06
1558,7.59612349389599e-06
1559,7.41243824326504e-06
1560,7.230984561572729e-06
1561,7.051763270858436e-06
1562,6.874775183048299e-06
1563,6.700021099951214e-06
1564,6.5275018132553435e-06
1565,6.357218104524831e-06
1566,6.189170745195649e-06
1567,6.02336049657265e-06
1568,5.859788109825792e-06
1569,5.698454325986868e-06
1570,5.539359875946171e-06
1571,5.382505480449273e-06
1572,5.227891850093314e-06
1573,5.075519685324326e-06
1574,4.925389676433745e-06
1575,4.777502503555465e-06
1576,4.631858836662562e-06
1577,4.48845933556441e-06
1578,4.347304649903572e-06
1579,4.208395419153021e-06
1580,4.071732272613149e-06
1581,3.9373158294087604e-06
1582,3.8051466984866945e-06
1583,3.675225478612432e-06
1584,3.5475527583681e-06
1585,3.422129116149253e-06
1586,3.2989551201624833e-06
1587,3.1780313284228147e-06
1588,3.0593582887512015e-06
1589,2.942936538771923e-06
1590,2.8287666059104713e-06
1591,2.7168490073906092e-06
1592,2.6071842502326525e-06
1593,2.4997728312506354e-06
1594,2.394615237050535e-06
1595,2.2917119440275524e-06
1596,2.1910634183644475e-06
1597,2.092670116029094e-06
1598,1.996532482772595e-06
1599,1.9026509541272275e-06
1600,1.811025955404333e-06
1601,1.7216579016925416e-06
1602,1.6345471978558846e-06
1603,1.5496942385318514e-06
1604,1.4670994081297795e-06
1605,1.3867630808289123e-06
1606,1.3086856205768438e-06
1607,1.2328673810877988e-06
1608,1.1593087058410779e-06
1609,1.088009928079503e-06
1610,1.0189713708078086e-06
1611,9.521933467913635e-07
1612,8.876761585545067e-07
1613,8.254200983794369e-07
1614,7.654254483047129e-07
1615,7.076924801240336e-07
1616,6.522214553850158e-07
1617,5.990126253879735e-07
1618,5.480662311848627e-07
1619,4.993825035780608e-07
1620,4.529616631193112e-07
1621,4.0880392010905765e-07
1622,3.669094745950008e-07
1623,3.2727851637148755e-07
1624,2.899112249786229e-07
1625,2.5480776970143724e-07
1626,2.219683095690539e-07
1627,1.9139299335407812e-07
1628,1.6308195957182026e-07
1629,1.37035336479685e-07
1630,1.1325324207667187e-07
1631,9.17357841028199e-08
1632,7.24830600386528e-08
1633,5.549515710473463e-08
1634,4.0772152261336906e-08
1635,2.8314112208105424e-08
1636,1.812109338367174e-08
1637,1.0193141965486597e-08
1638,4.53029386948689e-09
1639,1.1325747500956496e-09
1640,0.0
