epoch,train_loss,train_acc,val_loss,val_macro_f1,val_top1,val_bal_acc,val_ece,lr_end,train_time_s,epoch_time_s
1,0.5712242045598787,0.7043635670731707,0.5203572511672974,0.8198306956394482,0.8608968866038275,0.8296323146051073,0.1545608089723372,0.001,152.62396779200026,169.40889550000065
2,0.17635656407148373,0.8750952743902439,0.37627798318862915,0.836277097363962,0.8786061125392745,0.8533030322435934,0.08264163427610324,0.0009698463103929542,179.94969179200052,191.93246604200067
3,0.12206422282019402,0.9141577743902439,0.3306829035282135,0.8848889890216597,0.9063124821479577,0.9088723295910294,0.08899472736862855,0.000883022221559489,203.0733651669998,213.7783813340011
4,0.10284939030094481,0.9253048780487805,0.2631353437900543,0.9112280679330195,0.934018851756641,0.9077183561466035,0.09159546227361161,0.00075,193.62201470900072,205.4832935000013
5,0.07452341668852945,0.9458841463414634,0.2193562239408493,0.9214853226882977,0.9425878320479862,0.9125906389723273,0.06699699861888919,0.0005868240888334653,213.5196125830007,223.22401962500044
6,0.05233095015864819,0.9616044207317073,0.22152090072631836,0.9258509486481555,0.9451585261353899,0.9301657887941404,0.08291105634483124,0.00041317591116653486,183.25595704199986,203.30443862500033
7,0.04274231053195984,0.9671303353658537,0.1808049976825714,0.9368973528367361,0.9545844044558698,0.9333412240110649,0.06121322642016908,0.0002500000000000001,300.5119764579995,332.88726529199994
8,0.028981149810644594,0.975609756097561,0.17571084201335907,0.9383722528934432,0.9560125678377607,0.9362580327176371,0.0636346741204124,0.00011697777844051105,191.17652112500002,207.964311333
9,0.013421552612804012,0.9894245426829268,0.1701829433441162,0.9435172913484112,0.9597257926306769,0.9414075757917121,0.06647462963683369,3.0153689607045842e-05,208.47160929199998,220.74577783400008
10,0.010035466671447134,0.9920922256097561,0.16653794050216675,0.9424367657026056,0.9597257926306769,0.9388486095260082,0.0630817206816413,0.0,216.478167042,229.369807959
